{
    "parent": "item/generated",
    "textures": {
        "layer0": "items/bow_standby"
    },
    "display": {
        "thirdperson_righthand": {
            "rotation": [ -80, 170, -45 ],
            "translation": [ -1, 0.0869, 2.5 ],
            "scale": [ 0.9, 0.9, 0.7 ]
        },
        "thirdperson_lefthand": {
            "rotation": [ -80, -170, 45 ],
            "translation": [ -1, 0.0869, 2.5 ],
            "scale": [ 0.9, 0.9, 0.7 ]
        },
        "firstperson_righthand": {
            "rotation": [ -74, -23, -45 ],
            "translation": [ 1.13, 2.0, 1.13],
            "scale": [ 0.68, 0.68, 0.4 ]
        },
        "firstperson_lefthand": {
            "rotation": [ -74, -23, 45 ],
            "translation": [ 1.13, 2.0, 1.13],
            "scale": [ 0.68, 0.68, 0.4]
        }
    },
    "overrides": [
        {
            "predicate": {
                "pulling": 1
            },
            "model": "item/bow_pulling_0"
        },
        {
            "predicate": {
                "pulling": 1,
                "pull": 0.65
            },
            "model": "item/bow_pulling_1"
        },
        {
            "predicate": {
                "pulling": 1,
                "pull": 0.9
            },
            "model": "item/bow_pulling_2"
        }
    ]
}
