{"v":4,"entries":{"react-armorbar--primary":{"type":"story","id":"react-armorbar--primary","name":"Primary","title":"react/ArmorBar","importPath":"./src/react/ArmorBar.stories.tsx","tags":["story"]},"book--default":{"type":"story","id":"book--default","name":"Default","title":"Book","importPath":"./src/react/Book.stories.tsx","tags":["story"]},"react-bossbaroverlay--primary":{"type":"story","id":"react-bossbaroverlay--primary","name":"Primary","title":"react/BossBarOverlay","importPath":"./src/react/BossBarOverlay.stories.tsx","tags":["story"]},"react-breathbar--primary":{"type":"story","id":"react-breathbar--primary","name":"Primary","title":"react/BreathBar","importPath":"./src/react/BreathBar.stories.tsx","tags":["story"]},"react-button--primary":{"type":"story","id":"react-button--primary","name":"Primary","title":"react/Button","importPath":"./src/react/Button.stories.tsx","tags":["story"]},"react-buttonwithtooltip--primary":{"type":"story","id":"react-buttonwithtooltip--primary","name":"Primary","title":"react/ButtonWithTooltip","importPath":"./src/react/ButtonWithTooltip.stories.tsx","tags":["story"]},"react-chat--primary":{"type":"story","id":"react-chat--primary","name":"Primary","title":"react/Chat","importPath":"./src/react/Chat.stories.tsx","tags":["story"]},"react-conceptcommandsgui--primary":{"type":"story","id":"react-conceptcommandsgui--primary","name":"Primary","title":"react/ConceptCommandsGui","importPath":"./src/react/ConceptCommandsGui.stories.tsx","tags":["story"]},"react-deathscreen--primary":{"type":"story","id":"react-deathscreen--primary","name":"Primary","title":"react/DeathScreen","importPath":"./src/react/DeathScreen.stories.tsx","tags":["story"]},"react-divetransition--primary":{"type":"story","id":"react-divetransition--primary","name":"Primary","title":"react/DiveTransition","importPath":"./src/react/DiveTransition.stories.tsx","tags":["story"]},"react-foodbar--primary":{"type":"story","id":"react-foodbar--primary","name":"Primary","title":"react/FoodBar","importPath":"./src/react/FoodBar.stories.tsx","tags":["story"]},"react-healthbar--primary":{"type":"story","id":"react-healthbar--primary","name":"Primary","title":"react/HealthBar","importPath":"./src/react/HealthBar.stories.tsx","tags":["story"]},"react-indicatoreffects--primary":{"type":"story","id":"react-indicatoreffects--primary","name":"Primary","title":"react/IndicatorEffects","importPath":"./src/react/IndicatorEffects.stories.tsx","tags":["story"]},"react-loadingchunks--primary":{"type":"story","id":"react-loadingchunks--primary","name":"Primary","title":"react/LoadingChunks","importPath":"./src/react/LoadingChunks.stories.tsx","tags":["story"]},"react-messageformattedstring--primary":{"type":"story","id":"react-messageformattedstring--primary","name":"Primary","title":"react/MessageFormattedString","importPath":"./src/react/MessageFormattedString.stories.tsx","tags":["story"]},"react-playerlistoverlay--primary":{"type":"story","id":"react-playerlistoverlay--primary","name":"Primary","title":"react/PlayerListOverlay","importPath":"./src/react/PlayerListOverlay.stories.tsx","tags":["story"]},"replaypanel--primary":{"type":"story","id":"replaypanel--primary","name":"Primary","title":"ReplayPanel","importPath":"./src/react/ReplayPanel.stories.tsx","tags":["story"]},"replaypanel--playing":{"type":"story","id":"replaypanel--playing","name":"Playing","title":"ReplayPanel","importPath":"./src/react/ReplayPanel.stories.tsx","tags":["story"]},"react-scoreboard--primary":{"type":"story","id":"react-scoreboard--primary","name":"Primary","title":"react/Scoreboard","importPath":"./src/react/Scoreboard.stories.tsx","tags":["story"]},"react-screen--primary":{"type":"story","id":"react-screen--primary","name":"Primary","title":"react/Screen","importPath":"./src/react/Screen.stories.tsx","tags":["story"]},"react-select--primary":{"type":"story","id":"react-select--primary","name":"Primary","title":"react/Select","importPath":"./src/react/Select.stories.tsx","tags":["story"]},"react-signeditor--primary":{"type":"story","id":"react-signeditor--primary","name":"Primary","title":"react/SignEditor","importPath":"./src/react/SignEditor.stories.tsx","tags":["story"]},"react-signinmessage--primary":{"type":"story","id":"react-signinmessage--primary","name":"Primary","title":"react/SignInMessage","importPath":"./src/react/SignInMessage.stories.tsx","tags":["story"]},"react-singleplayer--primary":{"type":"story","id":"react-singleplayer--primary","name":"Primary","title":"react/Singleplayer","importPath":"./src/react/Singleplayer.stories.tsx","tags":["story"]},"react-slider--primary":{"type":"story","id":"react-slider--primary","name":"Primary","title":"react/Slider","importPath":"./src/react/Slider.stories.tsx","tags":["story"]},"react-slider--disabled":{"type":"story","id":"react-slider--disabled","name":"Disabled","title":"react/Slider","importPath":"./src/react/Slider.stories.tsx","tags":["story"]},"react-tabs--primary":{"type":"story","id":"react-tabs--primary","name":"Primary","title":"react/Tabs","importPath":"./src/react/Tabs.stories.tsx","tags":["story"]},"react-title--primary":{"type":"story","id":"react-title--primary","name":"Primary","title":"react/Title","importPath":"./src/react/Title.stories.tsx","tags":["story"]},"react-xpbar--primary":{"type":"story","id":"react-xpbar--primary","name":"Primary","title":"react/XPBar","importPath":"./src/react/XPBar.stories.tsx","tags":["story"]}}}
