{"v":3,"stories":{"react-armorbar--primary":{"id":"react-armorbar--primary","name":"Primary","title":"react/ArmorBar","importPath":"./src/react/ArmorBar.stories.tsx","tags":["story"],"kind":"react/ArmorBar","story":"Primary","parameters":{"__id":"react-armorbar--primary","docsOnly":false,"fileName":"./src/react/ArmorBar.stories.tsx"}},"book--default":{"id":"book--default","name":"Default","title":"Book","importPath":"./src/react/Book.stories.tsx","tags":["story"],"kind":"Book","story":"Default","parameters":{"__id":"book--default","docsOnly":false,"fileName":"./src/react/Book.stories.tsx"}},"react-bossbaroverlay--primary":{"id":"react-bossbaroverlay--primary","name":"Primary","title":"react/BossBarOverlay","importPath":"./src/react/BossBarOverlay.stories.tsx","tags":["story"],"kind":"react/BossBarOverlay","story":"Primary","parameters":{"__id":"react-bossbaroverlay--primary","docsOnly":false,"fileName":"./src/react/BossBarOverlay.stories.tsx"}},"react-breathbar--primary":{"id":"react-breathbar--primary","name":"Primary","title":"react/BreathBar","importPath":"./src/react/BreathBar.stories.tsx","tags":["story"],"kind":"react/BreathBar","story":"Primary","parameters":{"__id":"react-breathbar--primary","docsOnly":false,"fileName":"./src/react/BreathBar.stories.tsx"}},"react-button--primary":{"id":"react-button--primary","name":"Primary","title":"react/Button","importPath":"./src/react/Button.stories.tsx","tags":["story"],"kind":"react/Button","story":"Primary","parameters":{"__id":"react-button--primary","docsOnly":false,"fileName":"./src/react/Button.stories.tsx"}},"react-buttonwithtooltip--primary":{"id":"react-buttonwithtooltip--primary","name":"Primary","title":"react/ButtonWithTooltip","importPath":"./src/react/ButtonWithTooltip.stories.tsx","tags":["story"],"kind":"react/ButtonWithTooltip","story":"Primary","parameters":{"__id":"react-buttonwithtooltip--primary","docsOnly":false,"fileName":"./src/react/ButtonWithTooltip.stories.tsx"}},"react-chat--primary":{"id":"react-chat--primary","name":"Primary","title":"react/Chat","importPath":"./src/react/Chat.stories.tsx","tags":["story"],"kind":"react/Chat","story":"Primary","parameters":{"__id":"react-chat--primary","docsOnly":false,"fileName":"./src/react/Chat.stories.tsx"}},"react-conceptcommandsgui--primary":{"id":"react-conceptcommandsgui--primary","name":"Primary","title":"react/ConceptCommandsGui","importPath":"./src/react/ConceptCommandsGui.stories.tsx","tags":["story"],"kind":"react/ConceptCommandsGui","story":"Primary","parameters":{"__id":"react-conceptcommandsgui--primary","docsOnly":false,"fileName":"./src/react/ConceptCommandsGui.stories.tsx"}},"react-deathscreen--primary":{"id":"react-deathscreen--primary","name":"Primary","title":"react/DeathScreen","importPath":"./src/react/DeathScreen.stories.tsx","tags":["story"],"kind":"react/DeathScreen","story":"Primary","parameters":{"__id":"react-deathscreen--primary","docsOnly":false,"fileName":"./src/react/DeathScreen.stories.tsx"}},"react-divetransition--primary":{"id":"react-divetransition--primary","name":"Primary","title":"react/DiveTransition","importPath":"./src/react/DiveTransition.stories.tsx","tags":["story"],"kind":"react/DiveTransition","story":"Primary","parameters":{"__id":"react-divetransition--primary","docsOnly":false,"fileName":"./src/react/DiveTransition.stories.tsx"}},"react-foodbar--primary":{"id":"react-foodbar--primary","name":"Primary","title":"react/FoodBar","importPath":"./src/react/FoodBar.stories.tsx","tags":["story"],"kind":"react/FoodBar","story":"Primary","parameters":{"__id":"react-foodbar--primary","docsOnly":false,"fileName":"./src/react/FoodBar.stories.tsx"}},"react-healthbar--primary":{"id":"react-healthbar--primary","name":"Primary","title":"react/HealthBar","importPath":"./src/react/HealthBar.stories.tsx","tags":["story"],"kind":"react/HealthBar","story":"Primary","parameters":{"__id":"react-healthbar--primary","docsOnly":false,"fileName":"./src/react/HealthBar.stories.tsx"}},"react-indicatoreffects--primary":{"id":"react-indicatoreffects--primary","name":"Primary","title":"react/IndicatorEffects","importPath":"./src/react/IndicatorEffects.stories.tsx","tags":["story"],"kind":"react/IndicatorEffects","story":"Primary","parameters":{"__id":"react-indicatoreffects--primary","docsOnly":false,"fileName":"./src/react/IndicatorEffects.stories.tsx"}},"react-loadingchunks--primary":{"id":"react-loadingchunks--primary","name":"Primary","title":"react/LoadingChunks","importPath":"./src/react/LoadingChunks.stories.tsx","tags":["story"],"kind":"react/LoadingChunks","story":"Primary","parameters":{"__id":"react-loadingchunks--primary","docsOnly":false,"fileName":"./src/react/LoadingChunks.stories.tsx"}},"react-messageformattedstring--primary":{"id":"react-messageformattedstring--primary","name":"Primary","title":"react/MessageFormattedString","importPath":"./src/react/MessageFormattedString.stories.tsx","tags":["story"],"kind":"react/MessageFormattedString","story":"Primary","parameters":{"__id":"react-messageformattedstring--primary","docsOnly":false,"fileName":"./src/react/MessageFormattedString.stories.tsx"}},"react-playerlistoverlay--primary":{"id":"react-playerlistoverlay--primary","name":"Primary","title":"react/PlayerListOverlay","importPath":"./src/react/PlayerListOverlay.stories.tsx","tags":["story"],"kind":"react/PlayerListOverlay","story":"Primary","parameters":{"__id":"react-playerlistoverlay--primary","docsOnly":false,"fileName":"./src/react/PlayerListOverlay.stories.tsx"}},"replaypanel--primary":{"id":"replaypanel--primary","name":"Primary","title":"ReplayPanel","importPath":"./src/react/ReplayPanel.stories.tsx","tags":["story"],"kind":"ReplayPanel","story":"Primary","parameters":{"__id":"replaypanel--primary","docsOnly":false,"fileName":"./src/react/ReplayPanel.stories.tsx"}},"replaypanel--playing":{"id":"replaypanel--playing","name":"Playing","title":"ReplayPanel","importPath":"./src/react/ReplayPanel.stories.tsx","tags":["story"],"kind":"ReplayPanel","story":"Playing","parameters":{"__id":"replaypanel--playing","docsOnly":false,"fileName":"./src/react/ReplayPanel.stories.tsx"}},"react-scoreboard--primary":{"id":"react-scoreboard--primary","name":"Primary","title":"react/Scoreboard","importPath":"./src/react/Scoreboard.stories.tsx","tags":["story"],"kind":"react/Scoreboard","story":"Primary","parameters":{"__id":"react-scoreboard--primary","docsOnly":false,"fileName":"./src/react/Scoreboard.stories.tsx"}},"react-screen--primary":{"id":"react-screen--primary","name":"Primary","title":"react/Screen","importPath":"./src/react/Screen.stories.tsx","tags":["story"],"kind":"react/Screen","story":"Primary","parameters":{"__id":"react-screen--primary","docsOnly":false,"fileName":"./src/react/Screen.stories.tsx"}},"react-select--primary":{"id":"react-select--primary","name":"Primary","title":"react/Select","importPath":"./src/react/Select.stories.tsx","tags":["story"],"kind":"react/Select","story":"Primary","parameters":{"__id":"react-select--primary","docsOnly":false,"fileName":"./src/react/Select.stories.tsx"}},"react-signeditor--primary":{"id":"react-signeditor--primary","name":"Primary","title":"react/SignEditor","importPath":"./src/react/SignEditor.stories.tsx","tags":["story"],"kind":"react/SignEditor","story":"Primary","parameters":{"__id":"react-signeditor--primary","docsOnly":false,"fileName":"./src/react/SignEditor.stories.tsx"}},"react-signinmessage--primary":{"id":"react-signinmessage--primary","name":"Primary","title":"react/SignInMessage","importPath":"./src/react/SignInMessage.stories.tsx","tags":["story"],"kind":"react/SignInMessage","story":"Primary","parameters":{"__id":"react-signinmessage--primary","docsOnly":false,"fileName":"./src/react/SignInMessage.stories.tsx"}},"react-singleplayer--primary":{"id":"react-singleplayer--primary","name":"Primary","title":"react/Singleplayer","importPath":"./src/react/Singleplayer.stories.tsx","tags":["story"],"kind":"react/Singleplayer","story":"Primary","parameters":{"__id":"react-singleplayer--primary","docsOnly":false,"fileName":"./src/react/Singleplayer.stories.tsx"}},"react-slider--primary":{"id":"react-slider--primary","name":"Primary","title":"react/Slider","importPath":"./src/react/Slider.stories.tsx","tags":["story"],"kind":"react/Slider","story":"Primary","parameters":{"__id":"react-slider--primary","docsOnly":false,"fileName":"./src/react/Slider.stories.tsx"}},"react-slider--disabled":{"id":"react-slider--disabled","name":"Disabled","title":"react/Slider","importPath":"./src/react/Slider.stories.tsx","tags":["story"],"kind":"react/Slider","story":"Disabled","parameters":{"__id":"react-slider--disabled","docsOnly":false,"fileName":"./src/react/Slider.stories.tsx"}},"react-tabs--primary":{"id":"react-tabs--primary","name":"Primary","title":"react/Tabs","importPath":"./src/react/Tabs.stories.tsx","tags":["story"],"kind":"react/Tabs","story":"Primary","parameters":{"__id":"react-tabs--primary","docsOnly":false,"fileName":"./src/react/Tabs.stories.tsx"}},"react-title--primary":{"id":"react-title--primary","name":"Primary","title":"react/Title","importPath":"./src/react/Title.stories.tsx","tags":["story"],"kind":"react/Title","story":"Primary","parameters":{"__id":"react-title--primary","docsOnly":false,"fileName":"./src/react/Title.stories.tsx"}},"react-xpbar--primary":{"id":"react-xpbar--primary","name":"Primary","title":"react/XPBar","importPath":"./src/react/XPBar.stories.tsx","tags":["story"],"kind":"react/XPBar","story":"Primary","parameters":{"__id":"react-xpbar--primary","docsOnly":false,"fileName":"./src/react/XPBar.stories.tsx"}}}}
